{
	"Version": 3,
	"Meta": {
		"Duration": 3.167,
		"Fps": 30.0,
		"Loop": true,
		"AreBeziersRestricted": true,
		"CurveCount": 4,
		"TotalSegmentCount": 14,
		"TotalPointCount": 32,
		"UserDataCount": 0,
		"TotalUserDataSize": 0
	},
	"Curves": [
		{
			"Target": "Parameter",
			"Id": "Action01",
			"Segments": [
				0,
				0,
				0,
				0.333,
				0,
				1,
				0.433,
				0,
				0.533,
				1,
				0.633,
				1,
				1,
				1.3,
				1,
				1.967,
				1,
				2.633,
				1,
				1,
				2.811,
				1,
				2.989,
				0,
				3.167,
				0
			]
		},
		{
			"Target": "Parameter",
			"Id": "WaveHello",
			"Segments": [
				0,
				0,
				0,
				0.567,
				0,
				1,
				0.7,
				0,
				0.833,
				1,
				0.967,
				1,
				1,
				1.167,
				1,
				1.367,
				-1,
				1.567,
				-1,
				1,
				1.811,
				-1,
				2.056,
				1,
				2.3,
				1,
				1,
				2.456,
				1,
				2.611,
				0,
				2.767,
				0,
				0,
				3.167,
				0
			]
		},
		{
			"Target": "Parameter",
			"Id": "ParamEyeLOpen",
			"Segments": [
				0,
				1,
				0,
				3.133,
				1,
				0,
				3.167,
				1
			]
		},
		{
			"Target": "Parameter",
			"Id": "ParamEyeROpen",
			"Segments": [
				0,
				1,
				0,
				3.133,
				1,
				0,
				3.167,
				1
			]
		}
	]
}