{
	"Version": 3,
	"Meta": {
		"Duration": 14.4,
		"Fps": 30.0,
		"Loop": true,
		"AreBeziersRestricted": true,
		"CurveCount": 23,
		"TotalSegmentCount": 247,
		"TotalPointCount": 718,
		"UserDataCount": 0,
		"TotalUserDataSize": 0
	},
	"Curves": [
		{
			"Target": "Parameter",
			"Id": "Param5",
			"Segments": [
				0,
				0,
				0,
				0.333,
				0,
				1,
				0.578,
				0,
				0.822,
				-7,
				1.067,
				-7,
				1,
				1.367,
				-7,
				1.667,
				-7,
				1.967,
				-7,
				1,
				2.478,
				-7,
				2.989,
				9,
				3.5,
				9,
				1,
				4.156,
				9,
				4.811,
				9,
				5.467,
				9,
				1,
				5.844,
				9,
				6.222,
				-4,
				6.6,
				-4,
				1,
				7.067,
				-4,
				7.533,
				-3.522,
				8,
				0,
				1,
				8.344,
				2.599,
				8.689,
				7,
				9.033,
				7,
				1,
				9.278,
				7,
				9.522,
				7,
				9.767,
				7,
				1,
				10.244,
				7,
				10.722,
				3.783,
				11.2,
				0,
				1,
				11.567,
				-2.904,
				11.933,
				-4.053,
				12.3,
				-7,
				1,
				12.556,
				-9.054,
				12.811,
				-12,
				13.067,
				-12,
				1,
				13.511,
				-12,
				13.956,
				0,
				14.4,
				0
			]
		},
		{
			"Target": "Parameter",
			"Id": "Param18",
			"Segments": [
				0,
				0,
				0,
				9.233,
				0,
				1,
				9.533,
				0,
				9.833,
				-1,
				10.133,
				-1,
				1,
				10.489,
				-1,
				10.844,
				0,
				11.2,
				0,
				1,
				11.644,
				0,
				12.089,
				0,
				12.533,
				0,
				1,
				12.833,
				0,
				13.133,
				-1,
				13.433,
				-1,
				1,
				13.756,
				-1,
				14.078,
				0,
				14.4,
				0
			]
		},
		{
			"Target": "Parameter",
			"Id": "ParamMouthSmile",
			"Segments": [
				0,
				0,
				0,
				1.5,
				0,
				1,
				1.833,
				0,
				2.167,
				1,
				2.5,
				1,
				1,
				2.611,
				1,
				2.722,
				1,
				2.833,
				1,
				1,
				4.011,
				1,
				5.189,
				0.4,
				6.367,
				0.4,
				1,
				6.944,
				0.4,
				7.522,
				1,
				8.1,
				1,
				1,
				8.511,
				1,
				8.922,
				1,
				9.333,
				1,
				1,
				10,
				1,
				10.667,
				1,
				11.333,
				1,
				1,
				11.456,
				1,
				11.578,
				0.2,
				11.7,
				0.2,
				1,
				12.422,
				0.2,
				13.144,
				0.2,
				13.867,
				0.2,
				1,
				14.044,
				0.2,
				14.222,
				0,
				14.4,
				0
			]
		},
		{
			"Target": "Parameter",
			"Id": "ParamAngleX",
			"Segments": [
				0,
				0,
				1,
				0.311,
				0,
				0.622,
				-18,
				0.933,
				-18,
				1,
				1.378,
				-18,
				1.822,
				-18.137,
				2.267,
				-17,
				1,
				2.622,
				-16.09,
				2.978,
				4.781,
				3.333,
				10,
				1,
				3.556,
				13.262,
				3.778,
				13,
				4,
				13,
				1,
				4.733,
				13,
				5.467,
				-10,
				6.2,
				-10,
				1,
				6.6,
				-10,
				7,
				7,
				7.4,
				7,
				1,
				7.6,
				7,
				7.8,
				0,
				8,
				0,
				1,
				9.067,
				0,
				10.133,
				0,
				11.2,
				0,
				1,
				12.267,
				0,
				13.333,
				0,
				14.4,
				0
			]
		},
		{
			"Target": "Parameter",
			"Id": "ParamAngleY",
			"Segments": [
				0,
				0,
				1,
				0.2,
				0,
				0.4,
				-9,
				0.6,
				-9,
				1,
				0.844,
				-9,
				1.089,
				6.118,
				1.333,
				7,
				1,
				1.856,
				8.885,
				2.378,
				9,
				2.9,
				9,
				1,
				3.311,
				9,
				3.722,
				-14,
				4.133,
				-14,
				1,
				4.444,
				-14,
				4.756,
				-12.747,
				5.067,
				-9,
				1,
				5.522,
				-3.513,
				5.978,
				6.793,
				6.433,
				9,
				1,
				6.711,
				10.346,
				6.989,
				10,
				7.267,
				10,
				1,
				7.511,
				10,
				7.756,
				0,
				8,
				0,
				1,
				8.133,
				0,
				8.267,
				0,
				8.4,
				0,
				1,
				8.578,
				0,
				8.756,
				-7,
				8.933,
				-7,
				1,
				9.167,
				-7,
				9.4,
				-6.79,
				9.633,
				-5.4,
				1,
				10.156,
				-2.29,
				10.678,
				0,
				11.2,
				0,
				1,
				11.356,
				0,
				11.511,
				0,
				11.667,
				0,
				1,
				11.856,
				0,
				12.044,
				-7,
				12.233,
				-7,
				1,
				12.467,
				-7,
				12.7,
				-6.834,
				12.933,
				-5.4,
				1,
				13.422,
				-2.395,
				13.911,
				0,
				14.4,
				0
			]
		},
		{
			"Target": "Parameter",
			"Id": "ParamAngleZ",
			"Segments": [
				0,
				0,
				0,
				0.667,
				0,
				1,
				0.778,
				0,
				0.889,
				-18,
				1,
				-18,
				1,
				1.489,
				-18,
				1.978,
				-18,
				2.467,
				-18,
				1,
				2.744,
				-18,
				3.022,
				-5.663,
				3.3,
				7,
				1,
				3.6,
				20.676,
				3.9,
				24,
				4.2,
				24,
				1,
				4.533,
				24,
				4.867,
				-3,
				5.2,
				-3,
				1,
				5.467,
				-3,
				5.733,
				-3,
				6,
				-3,
				1,
				6.311,
				-3,
				6.622,
				16,
				6.933,
				16,
				1,
				7.244,
				16,
				7.556,
				11.649,
				7.867,
				0,
				1,
				8.044,
				-6.656,
				8.222,
				-12,
				8.4,
				-12,
				1,
				8.533,
				-12,
				8.667,
				-12,
				8.8,
				-12,
				1,
				9.078,
				-12,
				9.356,
				-12,
				9.633,
				-12,
				1,
				10.156,
				-12,
				10.678,
				-8.68,
				11.2,
				0,
				1,
				11.356,
				2.585,
				11.511,
				8.926,
				11.667,
				11,
				1,
				11.811,
				12.925,
				11.956,
				13,
				12.1,
				13,
				1,
				12.378,
				13,
				12.656,
				13.447,
				12.933,
				12,
				1,
				13.422,
				9.453,
				13.911,
				0,
				14.4,
				0
			]
		},
		{
			"Target": "Parameter",
			"Id": "ParamEyeLOpen",
			"Segments": [
				0,
				1,
				0,
				0.867,
				1,
				1,
				0.933,
				1,
				1,
				0,
				1.067,
				0,
				1,
				1.156,
				0,
				1.244,
				1,
				1.333,
				1,
				1,
				2.211,
				1,
				3.089,
				1,
				3.967,
				1,
				1,
				4.033,
				1,
				4.1,
				0,
				4.167,
				0,
				1,
				4.244,
				0,
				4.322,
				1,
				4.4,
				1,
				1,
				5.122,
				1,
				5.844,
				1,
				6.567,
				1,
				1,
				6.633,
				1,
				6.7,
				0,
				6.767,
				0,
				1,
				6.822,
				0,
				6.878,
				1,
				6.933,
				1,
				1,
				7.678,
				1,
				8.422,
				1,
				9.167,
				1,
				1,
				9.233,
				1,
				9.3,
				0,
				9.367,
				0,
				1,
				9.444,
				0,
				9.522,
				1,
				9.6,
				1,
				1,
				10.544,
				1,
				11.489,
				1,
				12.433,
				1,
				1,
				12.511,
				1,
				12.589,
				0,
				12.667,
				0,
				1,
				12.733,
				0,
				12.8,
				1,
				12.867,
				1,
				0,
				14.4,
				1
			]
		},
		{
			"Target": "Parameter",
			"Id": "ParamEyeROpen",
			"Segments": [
				0,
				1,
				0,
				0.867,
				1,
				1,
				0.933,
				1,
				1,
				0,
				1.067,
				0,
				1,
				1.156,
				0,
				1.244,
				1,
				1.333,
				1,
				1,
				2.211,
				1,
				3.089,
				1,
				3.967,
				1,
				1,
				4.033,
				1,
				4.1,
				0,
				4.167,
				0,
				1,
				4.244,
				0,
				4.322,
				1,
				4.4,
				1,
				1,
				5.122,
				1,
				5.844,
				1,
				6.567,
				1,
				1,
				6.633,
				1,
				6.7,
				0,
				6.767,
				0,
				1,
				6.822,
				0,
				6.878,
				1,
				6.933,
				1,
				1,
				7.678,
				1,
				8.422,
				1,
				9.167,
				1,
				1,
				9.233,
				1,
				9.3,
				0,
				9.367,
				0,
				1,
				9.444,
				0,
				9.522,
				1,
				9.6,
				1,
				1,
				10.544,
				1,
				11.489,
				1,
				12.433,
				1,
				1,
				12.511,
				1,
				12.589,
				0,
				12.667,
				0,
				1,
				12.733,
				0,
				12.8,
				1,
				12.867,
				1,
				0,
				14.4,
				1
			]
		},
		{
			"Target": "Parameter",
			"Id": "ParamEyeBallX",
			"Segments": [
				0,
				0,
				0,
				0.367,
				0,
				1,
				1.089,
				0,
				1.811,
				0,
				2.533,
				0,
				1,
				3.078,
				0,
				3.622,
				0.5,
				4.167,
				0.5,
				1,
				4.844,
				0.5,
				5.522,
				0.5,
				6.2,
				0.5,
				1,
				6.478,
				0.5,
				6.756,
				0,
				7.033,
				0,
				1,
				7.356,
				0,
				7.678,
				0,
				8,
				0,
				1,
				8.144,
				0,
				8.289,
				0,
				8.433,
				0,
				1,
				8.689,
				0,
				8.944,
				0,
				9.2,
				0,
				1,
				9.478,
				0,
				9.756,
				-0.5,
				10.033,
				-0.5,
				1,
				10.244,
				-0.5,
				10.456,
				-0.5,
				10.667,
				-0.5,
				1,
				10.844,
				-0.5,
				11.022,
				0,
				11.2,
				0,
				1,
				11.378,
				0,
				11.556,
				0,
				11.733,
				0,
				1,
				11.978,
				0,
				12.222,
				0,
				12.467,
				0,
				1,
				12.756,
				0,
				13.044,
				0.5,
				13.333,
				0.5,
				1,
				13.533,
				0.5,
				13.733,
				0.5,
				13.933,
				0.5,
				1,
				14.089,
				0.5,
				14.244,
				0,
				14.4,
				0
			]
		},
		{
			"Target": "Parameter",
			"Id": "ParamEyeBallY",
			"Segments": [
				0,
				0,
				0,
				0.367,
				0,
				1,
				1.089,
				0,
				1.811,
				-0.3,
				2.533,
				-0.3,
				1,
				3.078,
				-0.3,
				3.622,
				0,
				4.167,
				0,
				1,
				4.844,
				0,
				5.522,
				0,
				6.2,
				0,
				1,
				6.478,
				0,
				6.756,
				-0.4,
				7.033,
				-0.4,
				1,
				7.356,
				-0.4,
				7.678,
				0,
				8,
				0,
				1,
				8.144,
				0,
				8.289,
				0,
				8.433,
				0,
				1,
				8.689,
				0,
				8.944,
				0,
				9.2,
				0,
				1,
				9.367,
				0,
				9.533,
				0.3,
				9.7,
				0.3,
				1,
				10.2,
				0.3,
				10.7,
				0,
				11.2,
				0,
				1,
				11.378,
				0,
				11.556,
				0,
				11.733,
				0,
				1,
				11.978,
				0,
				12.222,
				0,
				12.467,
				0,
				1,
				12.633,
				0,
				12.8,
				-0.3,
				12.967,
				-0.3,
				1,
				13.444,
				-0.3,
				13.922,
				0,
				14.4,
				0
			]
		},
		{
			"Target": "Parameter",
			"Id": "ParamMouthForm",
			"Segments": [
				0,
				0,
				0,
				2.5,
				0,
				1,
				2.611,
				0,
				2.722,
				0.7,
				2.833,
				0.7,
				1,
				3.644,
				0.7,
				4.456,
				0.7,
				5.267,
				0.7,
				1,
				5.411,
				0.7,
				5.556,
				0,
				5.7,
				0,
				1,
				6.578,
				0,
				7.456,
				0,
				8.333,
				0,
				1,
				8.5,
				0,
				8.667,
				0.2,
				8.833,
				0.2,
				1,
				9.911,
				0.2,
				10.989,
				0,
				12.067,
				0,
				0,
				14.4,
				0
			]
		},
		{
			"Target": "Parameter",
			"Id": "ParamMouthOpenY",
			"Segments": [
				0,
				0,
				0,
				2.5,
				0,
				1,
				2.611,
				0,
				2.722,
				0,
				2.833,
				0,
				1,
				3.644,
				0,
				4.456,
				0,
				5.267,
				0,
				1,
				5.411,
				0,
				5.556,
				0,
				5.7,
				0,
				1,
				6.578,
				0,
				7.456,
				0,
				8.333,
				0,
				1,
				8.5,
				0,
				8.667,
				0.2,
				8.833,
				0.2,
				1,
				9.911,
				0.2,
				10.989,
				0,
				12.067,
				0,
				0,
				14.4,
				0
			]
		},
		{
			"Target": "Parameter",
			"Id": "ParamBodyAngleX",
			"Segments": [
				0,
				0,
				0,
				0.4,
				0,
				1,
				0.711,
				0,
				1.022,
				2,
				1.333,
				2,
				1,
				1.733,
				2,
				2.133,
				2,
				2.533,
				2,
				1,
				2.844,
				2,
				3.156,
				-5,
				3.467,
				-5,
				1,
				3.911,
				-5,
				4.356,
				-5,
				4.8,
				-5,
				1,
				5.267,
				-5,
				5.733,
				2,
				6.2,
				2,
				1,
				6.8,
				2,
				7.4,
				0,
				8,
				0,
				1,
				8.344,
				0,
				8.689,
				0,
				9.033,
				0,
				1,
				9.256,
				0,
				9.478,
				0.105,
				9.7,
				1,
				1,
				9.911,
				1.85,
				10.122,
				3,
				10.333,
				3,
				1,
				10.444,
				3,
				10.556,
				3,
				10.667,
				3,
				1,
				10.844,
				3,
				11.022,
				0,
				11.2,
				0,
				1,
				11.422,
				0,
				11.644,
				0,
				11.867,
				0,
				1,
				12.089,
				0,
				12.311,
				-0.105,
				12.533,
				-1,
				1,
				12.744,
				-1.85,
				12.956,
				-3,
				13.167,
				-3,
				1,
				13.267,
				-3,
				13.367,
				-3,
				13.467,
				-3,
				1,
				13.778,
				-3,
				14.089,
				0,
				14.4,
				0
			]
		},
		{
			"Target": "Parameter",
			"Id": "ParamBodyAngleY",
			"Segments": [
				0,
				0,
				1,
				0.3,
				0,
				0.6,
				-2,
				0.9,
				-2,
				1,
				1.533,
				-2,
				2.167,
				1,
				2.8,
				1,
				1,
				3.2,
				1,
				3.6,
				0.91,
				4,
				0,
				1,
				4.3,
				-0.683,
				4.6,
				-2,
				4.9,
				-2,
				1,
				5.533,
				-2,
				6.167,
				1,
				6.8,
				1,
				1,
				7.2,
				1,
				7.6,
				0,
				8,
				0,
				1,
				9.067,
				0,
				10.133,
				0,
				11.2,
				0,
				1,
				12.267,
				0,
				13.333,
				0,
				14.4,
				0
			]
		},
		{
			"Target": "Parameter",
			"Id": "Param4",
			"Segments": [
				0,
				0,
				1,
				0.244,
				0,
				0.489,
				-1,
				0.733,
				-1,
				1,
				1.533,
				-1,
				2.333,
				4,
				3.133,
				4,
				1,
				3.422,
				4,
				3.711,
				1.27,
				4,
				0,
				1,
				4.244,
				-1.075,
				4.489,
				-1,
				4.733,
				-1,
				1,
				5.533,
				-1,
				6.333,
				4,
				7.133,
				4,
				1,
				7.422,
				4,
				7.711,
				0,
				8,
				0,
				1,
				9.067,
				0,
				10.133,
				0,
				11.2,
				0,
				1,
				12.267,
				0,
				13.333,
				0,
				14.4,
				0
			]
		},
		{
			"Target": "Parameter",
			"Id": "Param16",
			"Segments": [
				0,
				0,
				1,
				0.411,
				0,
				0.822,
				-1,
				1.233,
				-1,
				1,
				1.622,
				-1,
				2.011,
				-1,
				2.4,
				-1,
				1,
				2.933,
				-1,
				3.467,
				-2,
				4,
				-2,
				1,
				4.8,
				-2,
				5.6,
				-1.769,
				6.4,
				-1,
				1,
				6.933,
				-0.487,
				7.467,
				0,
				8,
				0,
				1,
				8.822,
				0,
				9.644,
				-1,
				10.467,
				-1,
				1,
				11.233,
				-1,
				12,
				0,
				12.767,
				0,
				1,
				13.3,
				0,
				13.833,
				0,
				14.367,
				0,
				0,
				14.4,
				0
			]
		},
		{
			"Target": "Parameter",
			"Id": "Param17",
			"Segments": [
				0,
				0,
				1,
				0.411,
				0,
				0.822,
				-0.535,
				1.233,
				-1,
				1,
				1.622,
				-1.44,
				2.011,
				-1.462,
				2.4,
				-2,
				1,
				2.933,
				-2.737,
				3.467,
				-4,
				4,
				-4,
				1,
				4.8,
				-4,
				5.6,
				-3.538,
				6.4,
				-2,
				1,
				6.933,
				-0.974,
				7.467,
				0,
				8,
				0,
				1,
				8.822,
				0,
				9.644,
				-1,
				10.467,
				-1,
				1,
				11.233,
				-1,
				12,
				0,
				12.767,
				0,
				1,
				13.3,
				0,
				13.833,
				0,
				14.367,
				0,
				0,
				14.4,
				0
			]
		},
		{
			"Target": "Parameter",
			"Id": "Param41",
			"Segments": [
				0,
				0,
				1,
				0.411,
				0,
				0.822,
				-4,
				1.233,
				-4,
				1,
				1.622,
				-4,
				2.011,
				-1,
				2.4,
				-1,
				1,
				2.933,
				-1,
				3.467,
				-2,
				4,
				-2,
				1,
				4.8,
				-2,
				5.6,
				-1.769,
				6.4,
				-1,
				1,
				6.933,
				-0.487,
				7.467,
				0,
				8,
				0,
				1,
				8.822,
				0,
				9.644,
				-2,
				10.467,
				-2,
				1,
				11.233,
				-2,
				12,
				0,
				12.767,
				0,
				1,
				13.167,
				0,
				13.567,
				-2,
				13.967,
				-2,
				1,
				14.1,
				-2,
				14.233,
				0,
				14.367,
				0,
				0,
				14.4,
				0
			]
		},
		{
			"Target": "Parameter",
			"Id": "Param19",
			"Segments": [
				0,
				0,
				1,
				0.8,
				0,
				1.6,
				0,
				2.4,
				0,
				1,
				3.733,
				0,
				5.067,
				0,
				6.4,
				0,
				1,
				7.756,
				0,
				9.111,
				1,
				10.467,
				1,
				1,
				11.233,
				1,
				12,
				0,
				12.767,
				0,
				1,
				13.3,
				0,
				13.833,
				0,
				14.367,
				0,
				0,
				14.4,
				0
			]
		},
		{
			"Target": "Parameter",
			"Id": "Param32",
			"Segments": [
				0,
				0,
				1,
				0.411,
				0,
				0.822,
				3,
				1.233,
				3,
				1,
				1.622,
				3,
				2.011,
				1,
				2.4,
				1,
				1,
				2.933,
				1,
				3.467,
				1,
				4,
				1,
				1,
				4.8,
				1,
				5.6,
				1,
				6.4,
				1,
				1,
				6.933,
				1,
				7.467,
				0,
				8,
				0,
				1,
				9.589,
				0,
				11.178,
				0,
				12.767,
				0,
				1,
				13.3,
				0,
				13.833,
				0,
				14.367,
				0,
				0,
				14.4,
				0
			]
		},
		{
			"Target": "Parameter",
			"Id": "Param33",
			"Segments": [
				0,
				0,
				1,
				0.411,
				0,
				0.822,
				3,
				1.233,
				3,
				1,
				1.622,
				3,
				2.011,
				2.549,
				2.4,
				2,
				1,
				2.933,
				1.247,
				3.467,
				1,
				4,
				1,
				1,
				4.8,
				1,
				5.6,
				1,
				6.4,
				1,
				1,
				6.933,
				1,
				7.467,
				0,
				8,
				0,
				1,
				8.822,
				0,
				9.644,
				1,
				10.467,
				1,
				1,
				11.233,
				1,
				12,
				0,
				12.767,
				0,
				1,
				13.3,
				0,
				13.833,
				0,
				14.367,
				0,
				0,
				14.4,
				0
			]
		},
		{
			"Target": "Parameter",
			"Id": "Param42",
			"Segments": [
				0,
				0,
				1,
				0.411,
				0,
				0.822,
				3,
				1.233,
				3,
				1,
				1.622,
				3,
				2.011,
				1,
				2.4,
				1,
				1,
				2.933,
				1,
				3.467,
				1,
				4,
				1,
				1,
				4.8,
				1,
				5.6,
				1,
				6.4,
				1,
				1,
				6.933,
				1,
				7.467,
				0,
				8,
				0,
				1,
				8.822,
				0,
				9.644,
				1,
				10.467,
				1,
				1,
				11.233,
				1,
				12,
				0,
				12.767,
				0,
				1,
				13.167,
				0,
				13.567,
				2,
				13.967,
				2,
				1,
				14.1,
				2,
				14.233,
				0,
				14.367,
				0,
				0,
				14.4,
				0
			]
		},
		{
			"Target": "Parameter",
			"Id": "Param35",
			"Segments": [
				0,
				0,
				1,
				3.489,
				0,
				6.978,
				1,
				10.467,
				1,
				1,
				11.233,
				1,
				12,
				0,
				12.767,
				0,
				1,
				13.3,
				0,
				13.833,
				0,
				14.367,
				0,
				0,
				14.4,
				0
			]
		}
	]
}