{
	"Version": 3,
	"Meta": {
		"Duration": 2.267,
		"Fps": 30.0,
		"Loop": true,
		"AreBeziersRestricted": true,
		"CurveCount": 10,
		"TotalSegmentCount": 20,
		"TotalPointCount": 60,
		"UserDataCount": 0,
		"TotalUserDataSize": 0
	},
	"Curves": [
		{
			"Target": "Parameter",
			"Id": "Param18",
			"Segments": [
				0,
				0,
				1,
				0.756,
				0,
				1.511,
				0,
				2.267,
				0
			]
		},
		{
			"Target": "Parameter",
			"Id": "ParamMouthSmile",
			"Segments": [
				0,
				0,
				0,
				2.267,
				0
			]
		},
		{
			"Target": "Parameter",
			"Id": "ParamAngleX",
			"Segments": [
				0,
				-30,
				1,
				0.756,
				-30,
				1.511,
				-30,
				2.267,
				-30
			]
		},
		{
			"Target": "Parameter",
			"Id": "ParamAngleY",
			"Segments": [
				0,
				-4.252,
				1,
				0.044,
				-1.091,
				0.089,
				0,
				0.133,
				0,
				1,
				0.289,
				0,
				0.444,
				-17,
				0.6,
				-17,
				1,
				0.689,
				-17,
				0.778,
				-3,
				0.867,
				-3,
				1,
				1,
				-3,
				1.133,
				-21,
				1.267,
				-21,
				1,
				1.467,
				-21,
				1.667,
				-20.759,
				1.867,
				-18,
				1,
				2,
				-16.161,
				2.133,
				-7.24,
				2.267,
				-4.736
			]
		},
		{
			"Target": "Parameter",
			"Id": "ParamAngleZ",
			"Segments": [
				0,
				-1.778,
				1,
				0.289,
				-2.609,
				0.578,
				-3,
				0.867,
				-3,
				1,
				1.333,
				-3,
				1.8,
				-2.816,
				2.267,
				-1.848
			]
		},
		{
			"Target": "Parameter",
			"Id": "ParamEyeLOpen",
			"Segments": [
				0,
				1,
				0,
				2.233,
				1,
				0,
				2.267,
				1
			]
		},
		{
			"Target": "Parameter",
			"Id": "ParamEyeROpen",
			"Segments": [
				0,
				1,
				0,
				2.233,
				1,
				0,
				2.267,
				1
			]
		},
		{
			"Target": "Parameter",
			"Id": "ParamEyeBallX",
			"Segments": [
				0,
				0.099,
				1,
				0.511,
				-0.025,
				1.022,
				-0.1,
				1.533,
				-0.1,
				1,
				1.778,
				-0.1,
				2.022,
				0.082,
				2.267,
				0.098
			]
		},
		{
			"Target": "Parameter",
			"Id": "ParamEyeBallY",
			"Segments": [
				0,
				0.399,
				1,
				0.511,
				0.221,
				1.022,
				0.1,
				1.533,
				0.1,
				1,
				1.778,
				0.1,
				2.022,
				0.374,
				2.267,
				0.397
			]
		},
		{
			"Target": "Parameter",
			"Id": "Param4",
			"Segments": [
				0,
				-6.952,
				1,
				0.756,
				-6.952,
				1.511,
				-6.952,
				2.267,
				-6.952
			]
		}
	]
}