{
	"Version": 3,
	"Meta": {
		"Duration": 6.2,
		"Fps": 30.0,
		"Loop": true,
		"AreBeziersRestricted": true,
		"CurveCount": 25,
		"TotalSegmentCount": 132,
		"TotalPointCount": 337,
		"UserDataCount": 0,
		"TotalUserDataSize": 0
	},
	"Curves": [
		{
			"Target": "Parameter",
			"Id": "Param40",
			"Segments": [
				0,
				0,
				1,
				0.744,
				0,
				1.489,
				0,
				2.233,
				0,
				0,
				6.2,
				0
			]
		},
		{
			"Target": "Parameter",
			"Id": "Param43",
			"Segments": [
				0,
				0,
				1,
				0.744,
				0,
				1.489,
				0,
				2.233,
				0,
				0,
				6.2,
				0
			]
		},
		{
			"Target": "Parameter",
			"Id": "Param5",
			"Segments": [
				0,
				0,
				1,
				0.744,
				0,
				1.489,
				0,
				2.233,
				0,
				1,
				2.333,
				0,
				2.433,
				2,
				2.533,
				2,
				1,
				2.956,
				2,
				3.378,
				-4,
				3.8,
				-4,
				1,
				4.278,
				-4,
				4.756,
				2,
				5.233,
				2,
				1,
				5.556,
				2,
				5.878,
				0.131,
				6.2,
				0.007
			]
		},
		{
			"Target": "Parameter",
			"Id": "Param18",
			"Segments": [
				0,
				0,
				1,
				0.1,
				0,
				0.2,
				0,
				0.3,
				0,
				1,
				0.944,
				0,
				1.589,
				0,
				2.233,
				0,
				1,
				2.533,
				0,
				2.833,
				2,
				3.133,
				2,
				1,
				3.611,
				2,
				4.089,
				2,
				4.567,
				2,
				1,
				5.033,
				2,
				5.5,
				0,
				5.967,
				0,
				0,
				6.2,
				0
			]
		},
		{
			"Target": "Parameter",
			"Id": "ParamAngleX",
			"Segments": [
				0,
				0,
				0,
				0.3,
				0,
				1,
				0.589,
				0,
				0.878,
				0.293,
				1.167,
				2,
				1,
				1.367,
				3.182,
				1.567,
				5,
				1.767,
				5,
				1,
				1.922,
				5,
				2.078,
				3.956,
				2.233,
				0,
				1,
				2.311,
				-1.978,
				2.389,
				-5,
				2.467,
				-5,
				1,
				2.6,
				-5,
				2.733,
				-3.911,
				2.867,
				0,
				1,
				3.067,
				5.866,
				3.267,
				10,
				3.467,
				10,
				1,
				3.644,
				10,
				3.822,
				3.355,
				4,
				1,
				1,
				4.1,
				-0.325,
				4.2,
				0,
				4.3,
				0,
				1,
				4.5,
				0,
				4.7,
				10,
				4.9,
				10,
				1,
				5.078,
				10,
				5.256,
				2.683,
				5.433,
				1,
				1,
				5.567,
				-0.262,
				5.7,
				0,
				5.833,
				0,
				0,
				6.2,
				0
			]
		},
		{
			"Target": "Parameter",
			"Id": "ParamAngleY",
			"Segments": [
				0,
				0,
				0,
				0.3,
				0,
				1,
				0.4,
				0,
				0.5,
				-0.382,
				0.6,
				-4,
				1,
				0.667,
				-6.412,
				0.733,
				-14,
				0.8,
				-14,
				1,
				0.878,
				-14,
				0.956,
				0,
				1.033,
				0,
				1,
				1.122,
				0,
				1.211,
				-17,
				1.3,
				-17,
				1,
				1.356,
				-17,
				1.411,
				-3,
				1.467,
				-3,
				1,
				1.556,
				-3,
				1.644,
				-21,
				1.733,
				-21,
				1,
				1.844,
				-21,
				1.956,
				2,
				2.067,
				2,
				1,
				2.122,
				2,
				2.178,
				0.396,
				2.233,
				0,
				1,
				2.356,
				-0.871,
				2.478,
				-1,
				2.6,
				-1,
				1,
				2.733,
				-1,
				2.867,
				14,
				3,
				14,
				1,
				3.111,
				14,
				3.222,
				-4,
				3.333,
				-4,
				1,
				3.511,
				-4,
				3.689,
				7,
				3.867,
				7,
				1,
				3.967,
				7,
				4.067,
				-7,
				4.167,
				-7,
				1,
				4.256,
				-7,
				4.344,
				6,
				4.433,
				6,
				1,
				4.544,
				6,
				4.656,
				-4,
				4.767,
				-4,
				1,
				4.944,
				-4,
				5.122,
				7,
				5.3,
				7,
				1,
				5.4,
				7,
				5.5,
				-7,
				5.6,
				-7,
				1,
				5.767,
				-7,
				5.933,
				0,
				6.1,
				0,
				0,
				6.2,
				0
			]
		},
		{
			"Target": "Parameter",
			"Id": "ParamAngleZ",
			"Segments": [
				0,
				0,
				0,
				0.3,
				0,
				1,
				0.589,
				0,
				0.878,
				-3,
				1.167,
				-3,
				1,
				1.522,
				-3,
				1.878,
				0,
				2.233,
				0,
				1,
				2.4,
				0,
				2.567,
				-7,
				2.733,
				-7,
				1,
				3.033,
				-7,
				3.333,
				4,
				3.633,
				4,
				1,
				4.111,
				4,
				4.589,
				4,
				5.067,
				4,
				1,
				5.367,
				4,
				5.667,
				0,
				5.967,
				0,
				0,
				6.2,
				0
			]
		},
		{
			"Target": "Parameter",
			"Id": "ParamEyeLOpen",
			"Segments": [
				0,
				1,
				0,
				3.8,
				1,
				1,
				3.844,
				1,
				3.889,
				0,
				3.933,
				0,
				0,
				3.967,
				0,
				1,
				4.067,
				0.004,
				4.167,
				0.996,
				4.267,
				1,
				0,
				6.167,
				1,
				0,
				6.2,
				1
			]
		},
		{
			"Target": "Parameter",
			"Id": "ParamEyeLSmile",
			"Segments": [
				0,
				0,
				0,
				1.867,
				0,
				1,
				1.989,
				0,
				2.111,
				0,
				2.233,
				0,
				0,
				6.2,
				0
			]
		},
		{
			"Target": "Parameter",
			"Id": "EyeL_Squint",
			"Segments": [
				0,
				0,
				0,
				1.867,
				0,
				1,
				1.989,
				0,
				2.111,
				0,
				2.233,
				0,
				0,
				6.2,
				0
			]
		},
		{
			"Target": "Parameter",
			"Id": "ParamEyeROpen",
			"Segments": [
				0,
				1,
				0,
				3.8,
				1,
				1,
				3.844,
				1,
				3.889,
				0,
				3.933,
				0,
				0,
				3.967,
				0,
				1,
				4.067,
				0.004,
				4.167,
				0.996,
				4.267,
				1,
				0,
				6.167,
				1,
				0,
				6.2,
				1
			]
		},
		{
			"Target": "Parameter",
			"Id": "ParamEyeRSmile",
			"Segments": [
				0,
				0,
				0,
				1.867,
				0,
				1,
				1.989,
				0,
				2.111,
				0,
				2.233,
				0,
				0,
				6.2,
				0
			]
		},
		{
			"Target": "Parameter",
			"Id": "EyeR_Squint",
			"Segments": [
				0,
				0,
				0,
				1.867,
				0,
				1,
				1.989,
				0,
				2.111,
				0,
				2.233,
				0,
				0,
				6.2,
				0
			]
		},
		{
			"Target": "Parameter",
			"Id": "ParamEyeBallX",
			"Segments": [
				0,
				0,
				0,
				0.3,
				0,
				1,
				0.4,
				0,
				0.5,
				0,
				0.6,
				0,
				1,
				0.656,
				0,
				0.711,
				0.1,
				0.767,
				0.1,
				1,
				1.033,
				0.1,
				1.3,
				-0.1,
				1.567,
				-0.1,
				1,
				1.667,
				-0.1,
				1.767,
				0,
				1.867,
				0,
				1,
				1.944,
				0,
				2.022,
				0,
				2.1,
				0,
				1,
				2.144,
				0,
				2.189,
				0,
				2.233,
				0,
				0,
				6.2,
				0
			]
		},
		{
			"Target": "Parameter",
			"Id": "ParamEyeBallY",
			"Segments": [
				0,
				0,
				0,
				0.3,
				0,
				1,
				0.4,
				0,
				0.5,
				0,
				0.6,
				0,
				1,
				0.656,
				0,
				0.711,
				0.4,
				0.767,
				0.4,
				1,
				1.033,
				0.4,
				1.3,
				0.293,
				1.567,
				0.1,
				1,
				1.667,
				0.027,
				1.767,
				0,
				1.867,
				0,
				1,
				1.944,
				0,
				2.022,
				0,
				2.1,
				0,
				1,
				2.144,
				0,
				2.189,
				0,
				2.233,
				0,
				0,
				6.2,
				0
			]
		},
		{
			"Target": "Parameter",
			"Id": "ParamBrowLY",
			"Segments": [
				0,
				0,
				0,
				1.867,
				0,
				1,
				1.989,
				0,
				2.111,
				0,
				2.233,
				0,
				0,
				6.2,
				0
			]
		},
		{
			"Target": "Parameter",
			"Id": "ParamBrowRY",
			"Segments": [
				0,
				0,
				0,
				1.867,
				0,
				1,
				1.989,
				0,
				2.111,
				0,
				2.233,
				0,
				0,
				6.2,
				0
			]
		},
		{
			"Target": "Parameter",
			"Id": "ParamBrowLAngle",
			"Segments": [
				0,
				0,
				0,
				1.867,
				0,
				1,
				1.989,
				0,
				2.111,
				0,
				2.233,
				0,
				0,
				6.2,
				0
			]
		},
		{
			"Target": "Parameter",
			"Id": "ParamBrowRAngle",
			"Segments": [
				0,
				0,
				0,
				1.867,
				0,
				1,
				1.989,
				0,
				2.111,
				0,
				2.233,
				0,
				0,
				6.2,
				0
			]
		},
		{
			"Target": "Parameter",
			"Id": "ParamBrowLForm",
			"Segments": [
				0,
				0,
				0,
				1.867,
				0,
				1,
				1.989,
				0,
				2.111,
				0,
				2.233,
				0,
				0,
				6.2,
				0
			]
		},
		{
			"Target": "Parameter",
			"Id": "ParamBrowRForm",
			"Segments": [
				0,
				0,
				0,
				1.867,
				0,
				1,
				1.989,
				0,
				2.111,
				0,
				2.233,
				0,
				0,
				6.2,
				0
			]
		},
		{
			"Target": "Parameter",
			"Id": "ParamBodyAngleX",
			"Segments": [
				0,
				0,
				1,
				0.267,
				0,
				0.533,
				2,
				0.8,
				2,
				1,
				1.122,
				2,
				1.444,
				-1,
				1.767,
				-1,
				1,
				1.922,
				-1,
				2.078,
				-0.733,
				2.233,
				0,
				1,
				2.5,
				1.256,
				2.767,
				2,
				3.033,
				2,
				1,
				3.356,
				2,
				3.678,
				-1,
				4,
				-1,
				1,
				4.156,
				-1,
				4.311,
				1,
				4.467,
				1,
				1,
				4.789,
				1,
				5.111,
				-2,
				5.433,
				-2,
				1,
				5.689,
				-2,
				5.944,
				-0.163,
				6.2,
				-0.01
			]
		},
		{
			"Target": "Parameter",
			"Id": "ParamBodyAngleY",
			"Segments": [
				0,
				0,
				1,
				0.744,
				0,
				1.489,
				0,
				2.233,
				0,
				1,
				3.556,
				0,
				4.878,
				0,
				6.2,
				0
			]
		},
		{
			"Target": "Parameter",
			"Id": "ParamBodyAngleZ",
			"Segments": [
				0,
				0,
				1,
				0.311,
				0,
				0.622,
				-1,
				0.933,
				-1,
				1,
				1.189,
				-1,
				1.444,
				0,
				1.7,
				0,
				1,
				1.878,
				0,
				2.056,
				0,
				2.233,
				0,
				1,
				2.544,
				0,
				2.856,
				-1,
				3.167,
				-1,
				1,
				3.422,
				-1,
				3.678,
				-0.426,
				3.933,
				0,
				1,
				4.411,
				0.796,
				4.889,
				1,
				5.367,
				1,
				1,
				5.644,
				1,
				5.922,
				0.075,
				6.2,
				0.004
			]
		},
		{
			"Target": "Parameter",
			"Id": "ParamBreath",
			"Segments": [
				0,
				0,
				0,
				6.2,
				0
			]
		}
	]
}