{
	"Version": 3,
	"Meta": {
		"Duration": 3.967,
		"Fps": 30.0,
		"Loop": true,
		"AreBeziersRestricted": true,
		"CurveCount": 9,
		"TotalSegmentCount": 54,
		"TotalPointCount": 159,
		"UserDataCount": 0,
		"TotalUserDataSize": 0
	},
	"Curves": [
		{
			"Target": "Parameter",
			"Id": "Param5",
			"Segments": [
				0,
				0,
				1,
				0.1,
				0,
				0.2,
				2,
				0.3,
				2,
				1,
				0.722,
				2,
				1.144,
				-4,
				1.567,
				-4,
				1,
				2.044,
				-4,
				2.522,
				2,
				3,
				2,
				1,
				3.322,
				2,
				3.644,
				0.131,
				3.967,
				0.007
			]
		},
		{
			"Target": "Parameter",
			"Id": "Param18",
			"Segments": [
				0,
				0,
				1,
				0.3,
				0,
				0.6,
				2,
				0.9,
				2,
				1,
				1.378,
				2,
				1.856,
				2,
				2.333,
				2,
				1,
				2.8,
				2,
				3.267,
				0,
				3.733,
				0,
				0,
				3.967,
				0
			]
		},
		{
			"Target": "Parameter",
			"Id": "ParamAngleX",
			"Segments": [
				0,
				0,
				1,
				0.078,
				0,
				0.156,
				-5,
				0.233,
				-5,
				1,
				0.367,
				-5,
				0.5,
				-3.911,
				0.633,
				0,
				1,
				0.833,
				5.866,
				1.033,
				10,
				1.233,
				10,
				1,
				1.411,
				10,
				1.589,
				3.355,
				1.767,
				1,
				1,
				1.867,
				-0.325,
				1.967,
				0,
				2.067,
				0,
				1,
				2.267,
				0,
				2.467,
				10,
				2.667,
				10,
				1,
				2.844,
				10,
				3.022,
				2.683,
				3.2,
				1,
				1,
				3.333,
				-0.262,
				3.467,
				0,
				3.6,
				0,
				0,
				3.967,
				0
			]
		},
		{
			"Target": "Parameter",
			"Id": "ParamAngleY",
			"Segments": [
				0,
				0,
				1,
				0.122,
				0,
				0.244,
				-1,
				0.367,
				-1,
				1,
				0.5,
				-1,
				0.633,
				14,
				0.767,
				14,
				1,
				0.878,
				14,
				0.989,
				-4,
				1.1,
				-4,
				1,
				1.278,
				-4,
				1.456,
				7,
				1.633,
				7,
				1,
				1.733,
				7,
				1.833,
				-7,
				1.933,
				-7,
				1,
				2.022,
				-7,
				2.111,
				6,
				2.2,
				6,
				1,
				2.311,
				6,
				2.422,
				-4,
				2.533,
				-4,
				1,
				2.711,
				-4,
				2.889,
				7,
				3.067,
				7,
				1,
				3.167,
				7,
				3.267,
				-7,
				3.367,
				-7,
				1,
				3.533,
				-7,
				3.7,
				0,
				3.867,
				0,
				0,
				3.967,
				0
			]
		},
		{
			"Target": "Parameter",
			"Id": "ParamAngleZ",
			"Segments": [
				0,
				0,
				1,
				0.167,
				0,
				0.333,
				-7,
				0.5,
				-7,
				1,
				0.8,
				-7,
				1.1,
				4,
				1.4,
				4,
				1,
				1.878,
				4,
				2.356,
				4,
				2.833,
				4,
				1,
				3.133,
				4,
				3.433,
				0,
				3.733,
				0,
				0,
				3.967,
				0
			]
		},
		{
			"Target": "Parameter",
			"Id": "ParamEyeLOpen",
			"Segments": [
				0,
				1,
				1,
				0.056,
				1,
				0.111,
				1,
				0.167,
				1,
				1,
				0.633,
				1,
				1.1,
				1,
				1.567,
				1,
				1,
				1.611,
				1,
				1.656,
				0,
				1.7,
				0,
				1,
				1.711,
				0,
				1.722,
				0,
				1.733,
				0,
				1,
				1.833,
				0,
				1.933,
				1,
				2.033,
				1,
				0,
				3.967,
				1
			]
		},
		{
			"Target": "Parameter",
			"Id": "ParamEyeROpen",
			"Segments": [
				0,
				1,
				1,
				0.056,
				1,
				0.111,
				1,
				0.167,
				1,
				1,
				0.633,
				1,
				1.1,
				1,
				1.567,
				1,
				1,
				1.611,
				1,
				1.656,
				0,
				1.7,
				0,
				1,
				1.711,
				0,
				1.722,
				0,
				1.733,
				0,
				1,
				1.833,
				0,
				1.933,
				1,
				2.033,
				1,
				0,
				3.967,
				1
			]
		},
		{
			"Target": "Parameter",
			"Id": "ParamBodyAngleX",
			"Segments": [
				0,
				0,
				1,
				0.267,
				0,
				0.533,
				2,
				0.8,
				2,
				1,
				1.122,
				2,
				1.444,
				-1,
				1.767,
				-1,
				1,
				1.922,
				-1,
				2.078,
				1,
				2.233,
				1,
				1,
				2.556,
				1,
				2.878,
				-2,
				3.2,
				-2,
				1,
				3.456,
				-2,
				3.711,
				-0.163,
				3.967,
				-0.01
			]
		},
		{
			"Target": "Parameter",
			"Id": "ParamBodyAngleZ",
			"Segments": [
				0,
				0,
				1,
				0.311,
				0,
				0.622,
				-1,
				0.933,
				-1,
				1,
				1.189,
				-1,
				1.444,
				-0.426,
				1.7,
				0,
				1,
				2.178,
				0.796,
				2.656,
				1,
				3.133,
				1,
				1,
				3.411,
				1,
				3.689,
				0.075,
				3.967,
				0.004
			]
		}
	]
}