{
	"Version": 3,
	"Meta": {
		"Duration": 6.4,
		"Fps": 30.0,
		"Loop": true,
		"AreBeziersRestricted": true,
		"CurveCount": 14,
		"TotalSegmentCount": 60,
		"TotalPointCount": 168,
		"UserDataCount": 0,
		"TotalUserDataSize": 0
	},
	"Curves": [
		{
			"Target": "Parameter",
			"Id": "Param5",
			"Segments": [
				0,
				0,
				0,
				1.167,
				0,
				1,
				1.433,
				0,
				1.7,
				4,
				1.967,
				4,
				1,
				2.844,
				4,
				3.722,
				-7,
				4.6,
				-7,
				1,
				5.2,
				-7,
				5.8,
				0,
				6.4,
				0
			]
		},
		{
			"Target": "Parameter",
			"Id": "Param18",
			"Segments": [
				0,
				0,
				1,
				0.389,
				0,
				0.778,
				0,
				1.167,
				0,
				1,
				1.378,
				0,
				1.589,
				-2,
				1.8,
				-2,
				1,
				2.267,
				-2,
				2.733,
				9,
				3.2,
				9,
				1,
				3.689,
				9,
				4.178,
				1.953,
				4.667,
				1,
				1,
				5.244,
				-0.127,
				5.822,
				0,
				6.4,
				0
			]
		},
		{
			"Target": "Parameter",
			"Id": "ParamMouthSmile",
			"Segments": [
				0,
				0,
				0,
				2.633,
				0,
				1,
				3.256,
				0,
				3.878,
				0.7,
				4.5,
				0.7,
				1,
				4.967,
				0.7,
				5.433,
				0.7,
				5.9,
				0.7,
				1,
				6.067,
				0.7,
				6.233,
				0,
				6.4,
				0
			]
		},
		{
			"Target": "Parameter",
			"Id": "ParamAngleX",
			"Segments": [
				0,
				-30,
				1,
				0.111,
				-30,
				0.222,
				-30,
				0.333,
				-30,
				1,
				0.611,
				-30,
				0.889,
				-8.631,
				1.167,
				0,
				1,
				1.522,
				11.048,
				1.878,
				12,
				2.233,
				12,
				1,
				2.956,
				12,
				3.678,
				12.184,
				4.4,
				10,
				1,
				5.067,
				7.984,
				5.733,
				0,
				6.4,
				0
			]
		},
		{
			"Target": "Parameter",
			"Id": "ParamAngleY",
			"Segments": [
				0,
				-4.252,
				1,
				0.389,
				-2.797,
				0.778,
				-1.512,
				1.167,
				0,
				1,
				1.911,
				2.895,
				2.656,
				5.041,
				3.4,
				9,
				1,
				3.756,
				10.891,
				4.111,
				18,
				4.467,
				18,
				1,
				4.933,
				18,
				5.4,
				-4,
				5.867,
				-4,
				1,
				6.044,
				-4,
				6.222,
				0,
				6.4,
				0
			]
		},
		{
			"Target": "Parameter",
			"Id": "ParamAngleZ",
			"Segments": [
				0,
				-1.778,
				1,
				0.389,
				-1.778,
				0.778,
				0,
				1.167,
				0,
				1,
				1.744,
				0,
				2.322,
				-4.618,
				2.9,
				-15,
				1,
				3.433,
				-24.583,
				3.967,
				-30,
				4.5,
				-30,
				1,
				4.778,
				-30,
				5.056,
				-8.969,
				5.333,
				-5,
				1,
				5.689,
				0.081,
				6.044,
				0,
				6.4,
				0
			]
		},
		{
			"Target": "Parameter",
			"Id": "ParamEyeLOpen",
			"Segments": [
				0,
				1,
				0,
				1.7,
				1,
				1,
				1.833,
				0.996,
				1.967,
				0.004,
				2.1,
				0,
				1,
				2.222,
				0.004,
				2.344,
				0.996,
				2.467,
				1,
				0,
				6.367,
				1,
				0,
				6.4,
				1
			]
		},
		{
			"Target": "Parameter",
			"Id": "ParamEyeROpen",
			"Segments": [
				0,
				1,
				0,
				1.7,
				1,
				1,
				1.833,
				0.996,
				1.967,
				0.004,
				2.1,
				0,
				1,
				2.222,
				0.004,
				2.344,
				0.996,
				2.467,
				1,
				0,
				6.367,
				1,
				0,
				6.4,
				1
			]
		},
		{
			"Target": "Parameter",
			"Id": "ParamEyeBallX",
			"Segments": [
				0,
				0.099,
				1,
				0.133,
				0.057,
				0.267,
				0,
				0.4,
				0,
				1,
				0.767,
				0,
				1.133,
				0,
				1.5,
				0,
				1,
				1.711,
				0,
				1.922,
				0.031,
				2.133,
				0.1,
				1,
				2.533,
				0.231,
				2.933,
				0.3,
				3.333,
				0.3,
				1,
				4.356,
				0.3,
				5.378,
				0,
				6.4,
				0
			]
		},
		{
			"Target": "Parameter",
			"Id": "ParamEyeBallY",
			"Segments": [
				0,
				0.399,
				1,
				0.133,
				0.323,
				0.267,
				0,
				0.4,
				0,
				1,
				0.767,
				0,
				1.133,
				0,
				1.5,
				0,
				1,
				1.711,
				0,
				1.922,
				-0.3,
				2.133,
				-0.3,
				1,
				2.533,
				-0.3,
				2.933,
				0.5,
				3.333,
				0.5,
				1,
				4.133,
				0.5,
				4.933,
				0,
				5.733,
				0,
				0,
				6.4,
				0
			]
		},
		{
			"Target": "Parameter",
			"Id": "ParamBodyAngleX",
			"Segments": [
				0,
				0,
				0,
				1.167,
				0,
				1,
				1.4,
				0,
				1.633,
				2,
				1.867,
				2,
				1,
				2.511,
				2,
				3.156,
				-2,
				3.8,
				-2,
				1,
				4.667,
				-2,
				5.533,
				0,
				6.4,
				0
			]
		},
		{
			"Target": "Parameter",
			"Id": "ParamBodyAngleY",
			"Segments": [
				0,
				0,
				0,
				6.4,
				0
			]
		},
		{
			"Target": "Parameter",
			"Id": "Param4",
			"Segments": [
				0,
				-6.952,
				1,
				0.089,
				-6.301,
				0.178,
				-4,
				0.267,
				-4,
				0,
				6.4,
				-4
			]
		},
		{
			"Target": "Parameter",
			"Id": "ParamBodyAngleZ",
			"Segments": [
				0,
				0,
				0,
				1.167,
				0,
				1,
				1.444,
				0,
				1.722,
				1,
				2,
				1,
				1,
				2.7,
				1,
				3.4,
				-1,
				4.1,
				-1,
				1,
				4.867,
				-1,
				5.633,
				0,
				6.4,
				0
			]
		}
	]
}